{
  "project_info": {
    "project_number": "778953134788",
    "project_id": "delivery-9ef33",
    "storage_bucket": "delivery-9ef33.firebasestorage.app"
  },
  "client": [
    {
      "client_info": {
        "mobilesdk_app_id": "1:778953134788:android:1956a0d84ac8234ae3af91",
        "android_client_info": {
          "package_name": "com.example.continuous_entregation"
        }
      },
      "oauth_client": [],
      "api_key": [
        {
          "current_key": "AIzaSyAGxfqYetsqs4cU--8mLMoX5k-jLg--cQQ"
        }
      ],
      "services": {
        "appinvite_service": {
          "other_platform_oauth_client": []
        }
      }
    }
  ],
  "configuration_version": "1"
}