{"flutter":{"platforms":{"android":{"default":{"projectId":"delivery-9ef33","appId":"1:778953134788:android:1956a0d84ac8234ae3af91","fileOutput":"android/app/google-services.json"}},"dart":{"lib/firebase_options.dart":{"projectId":"delivery-9ef33","configurations":{"android":"1:778953134788:android:1956a0d84ac8234ae3af91","ios":"1:778953134788:ios:4041f7526f5cb3b0e3af91","macos":"1:778953134788:ios:4041f7526f5cb3b0e3af91","web":"1:778953134788:web:1abb23f374c1908ae3af91","windows":"1:778953134788:web:f4425b9be849b016e3af91"}}}}}}